{
  "AUC": 0.6912220998899009,
  "Recall": 0.7319587628865979
}